timeout,concurrency,delay,total_tasks,total_time,success_rate,tasks_per_second,avg_completion_latency,max_completion_latency,avg_embedding_latency,completion_success_rate,embedding_success_rate
16,15,0.8,27,9.245527,33.33333333333333,2.92033109632366,4.6213301287757025,8.41226315498352,3.1901906861199274,33.33333333333333,33.33333333333333
16,15,0.8,27,9.292981,33.33333333333333,2.9054186164805462,4.144545608096653,8.458882808685303,3.7073503070407443,33.33333333333333,33.33333333333333
16,15,1.5,27,7.222755,33.33333333333333,3.7381857753724166,3.218206697040134,5.689892053604126,1.427462445365058,33.33333333333333,33.33333333333333
